Comment,Designator,Footprint,LCSC Part #
0.1u,S1 S2 C2 C4 C5,C0603K,
0.1u,C8 C9,C0603,
0.1u,C13 C15 C16 C17,C0603K,
1M,R10 R11 R12 R13,R0603,
1k,R16,R0603,
2.2u,C6,C0603,
3.3V,U3,SOT23-5,
4.7u,C7,C0603,
10k,R6 R14 R15 R17,R0603,
10u,C3 C10 C11,C1206,
13.3k,R2,R0603,
22,R19 R20,R0603,
30Î©/1.8A,FB2,0603,
51k,R1,R0603,
117k,R5,R0603,
220p,C1,C0603,
250mA/100V,D14,SOD-323,
330,R3 R4 R7 R8 R9 R18 R21,R0603,
600mA/40V,Q1,SOT23-3,
1239AS-H-100M=P2,L1,IND_DFE252012C,
ATSAMD21E18A,U5,QFN32_5X5MC,
LMR62014XMFE/NOPB,U1,MF05A,
MBR0520,U4,SOD-123,
RED,D1 D2 D3,LED-0603,
TB6612FNG,U$1,SSOP24,
